,work_id,nace,region_code,region,employee_points
0,118415099,11.070,03,Oslo,60
1,165189001,10.920,03,Oslo,54
2,205912967,10.130,02,Akershus (-2019),48
3,959013544,46.693,12,Hordaland (-2019),46
4,405013223,09.900,02,Akershus (-2019),88
5,185537475,11.060,03,Oslo,91
6,317355238,46.370,11,Rogaland,43
7,749395240,46.694,12,Hordaland (-2019),47
8,148079683,13.100,03,Oslo,50
9,872612507,46.390,11,Rogaland,55
10,021643602,46.710,12,Hordaland (-2019),61
11,257489826,45.191,11,Rogaland,24
12,686805791,11.010,03,Oslo,63
13,790482779,52.214,50,Trøndelag - Trööndelage,62
14,175391017,52.219,50,Trøndelag - Trööndelage,37
15,780329966,52.215,50,Trøndelag - Trööndelage,31
16,305813555,10.110,02,Akershus (-2019),33
17,916151156,11.050,03,Oslo,40
18,870563989,05.200,02,Akershus (-2019),28
19,454848206,45.192,11,Rogaland,32
20,102617174,46.491,12,Hordaland (-2019),38
21,243519839,52.216,50,Trøndelag - Trööndelage,41
22,770321479,50.101,50,Trøndelag - Trööndelage,38
23,522088674,10.120,02,Akershus (-2019),44
24,559023560,12.000,03,Oslo,45
25,897441765,46.381,11,Rogaland,30
26,100349779,47.911,15,Møre og Romsdal,25
27,592217183,74.101,18,Nordland,36
28,497024942,46.495,12,Hordaland (-2019),20
29,578925701,08.910,02,Akershus (-2019),31
30,122274873,09.109,02,Akershus (-2019),32
31,835565540,01.630,01,Østfold (-2019),36
32,841061546,10.840,03,Oslo,22
33,154784873,46.150,11,Rogaland,19
34,916387843,07.290,02,Akershus (-2019),26
35,205064707,24.520,06,Buskerud (-2019),23
36,629984690,10.720,03,Oslo,21
37,734304687,08.920,02,Akershus (-2019),40
38,460267591,46.210,11,Rogaland,19
39,958123834,46.691,12,Hordaland (-2019),19
40,460800583,24.540,06,Buskerud (-2019),35
41,884806924,11.020,03,Oslo,23
42,658081456,74.103,18,Nordland,24
43,797390163,47.914,15,Møre og Romsdal,16
44,117538250,46.432,12,Hordaland (-2019),17
45,509842386,01.000u,01,Østfold (-2019),23
46,668844605,50.203,50,Trøndelag - Trööndelage,19
47,693444195,27.400,07,Vestfold (-2019),25
48,643724433,46.620,12,Hordaland (-2019),25
49,511022705,23.990,06,Buskerud (-2019),24
50,233884603,46.360,11,Rogaland,21
51,690667377,11.030,03,Oslo,59
52,926068850,06.100,02,Akershus (-2019),35
53,012350387,81.291,19,Troms - Romsa (-2019),21
54,919983289,51.210,50,Trøndelag - Trööndelage,15
55,037986827,74.200,18,Nordland,23
56,269851362,74.102,18,Nordland,12
57,131755897,43.341,10,Vest-Agder (-2019),21
58,698953017,27.900,07,Vestfold (-2019),16
59,761282496,01.700,01,Østfold (-2019),41
60,313278671,17.230,04,Hedmark (-2019),34
61,290352061,01.280,01,Østfold (-2019),24
62,320138589,46.692,12,Hordaland (-2019),55
63,894541555,27.520,07,Vestfold (-2019),39
64,021566705,46.320,11,Rogaland,30
65,512156252,11.040,03,Oslo,39
66,437346193,47.912,15,Møre og Romsdal,22
67,220048623,23.140,05,Oppland (-2019),22
68,626919911,52.212,50,Trøndelag - Trööndelage,14
69,794106353,18.110,04,Hedmark (-2019),40
70,674870873,43.911,10,Vest-Agder (-2019),27
71,358445554,81.210,19,Troms - Romsa (-2019),32
72,790172728,01.640,01,Østfold (-2019),22
73,254857832,10.860,03,Oslo,28
74,738118183,30.120,08,Telemark (-2019),30
75,094118753,46.433,12,Hordaland (-2019),24
76,383798780,24.530,06,Buskerud (-2019),28
77,675961810,08.113,02,Akershus (-2019),27
78,667268288,13.910,03,Oslo,24
79,306011555,26.110,07,Vestfold (-2019),26
80,123759552,81.220,19,Troms - Romsa (-2019),16
81,677940193,06.200,02,Akershus (-2019),16
82,323127182,23.200,05,Oppland (-2019),36
83,380699995,52.213,50,Trøndelag - Trööndelage,28
84,023550369,47.730,15,Møre og Romsdal,26
85,458666741,46.349,11,Rogaland,31
86,801762989,81.299,19,Troms - Romsa (-2019),30
87,204544310,47.762,15,Møre og Romsdal,14
88,001250188,24.310,06,Buskerud (-2019),19
89,744755785,70.210,18,Nordland,18
90,139155863,71.121,18,Nordland,13
91,213565107,27.510,07,Vestfold (-2019),19
92,305189389,50.400,50,Trøndelag - Trööndelage,22
93,987908212,08.990,02,Akershus (-2019),63
94,037873790,46.389,11,Rogaland,36
95,910827685,10.730,03,Oslo,33
96,751063261,20.510,05,Oppland (-2019),26
97,594899526,30.300,08,Telemark (-2019),24
98,632574156,08.112,02,Akershus (-2019),21
99,431050834,26.510,07,Vestfold (-2019),13
100,412090576,52.211,50,Trøndelag - Trööndelage,31
101,030265761,47.524,14,Sogn og Fjordane (-2019),14
102,357803516,43.390,10,Vest-Agder (-2019),21
103,224548065,46.160,11,Rogaland,35
104,536222219,30.400,08,Telemark (-2019),18
105,911730081,42.210,10,Vest-Agder (-2019),13
106,529869311,46.640,12,Hordaland (-2019),14
107,621958801,35.140,09,Aust-Agder (-2019),23
108,026824146,01.430,01,Østfold (-2019),14
109,497829203,10.203,02,Akershus (-2019),10
110,929954926,13.300,03,Oslo,34
111,732390064,46.240,11,Rogaland,18
112,946236008,17.290,04,Hedmark (-2019),24
113,481447961,30.200,08,Telemark (-2019),16
114,508401631,14.310,04,Hedmark (-2019),11
115,102936076,10.890,03,Oslo,28
116,383902895,46.660,12,Hordaland (-2019),24
117,712881237,51.100,50,Trøndelag - Trööndelage,16
118,057640555,46.520,12,Hordaland (-2019),20
119,623834804,43.342,10,Vest-Agder (-2019),16
120,633684807,51.220,50,Trøndelag - Trööndelage,22
121,255876913,50.102,50,Trøndelag - Trööndelage,26
122,215732814,46.130,11,Rogaland,10
123,325876318,08.120,02,Akershus (-2019),23
124,396802990,46.330,11,Rogaland,20
125,879881782,23.190,05,Oppland (-2019),22
126,440160874,46.170,11,Rogaland,11
127,648775662,43.120,10,Vest-Agder (-2019),12
128,175504846,46.492,12,Hordaland (-2019),20
129,805471908,35.230,09,Aust-Agder (-2019),12
130,878060440,79.110,19,Troms - Romsa (-2019),9
131,998242625,47.531,14,Sogn og Fjordane (-2019),24
132,599690859,24.460,06,Buskerud (-2019),10
133,062016491,20.600,05,Oppland (-2019),11
134,858004792,46.510,12,Hordaland (-2019),20
135,454812142,28.990,08,Telemark (-2019),10
136,035490155,47.890,15,Møre og Romsdal,18
137,619890749,10.202,02,Akershus (-2019),23
138,676347801,07.100,02,Akershus (-2019),18
139,227690865,16.100,04,Hedmark (-2019),10
140,626757429,28.920,08,Telemark (-2019),20
141,704455499,01.290,01,Østfold (-2019),30
142,299138382,01.471,01,Østfold (-2019),14
143,241628580,24.510,06,Buskerud (-2019),28
144,486359004,77.390,19,Troms - Romsa (-2019),10
145,881002133,46.473,12,Hordaland (-2019),12
146,252007159,24.422,06,Buskerud (-2019),13
147,105588694,10.820,03,Oslo,18
148,024136571,46.650,12,Hordaland (-2019),28
149,259159088,46.230,11,Rogaland,17
150,209920192,01.452,01,Østfold (-2019),12
151,401126570,47.710,15,Møre og Romsdal,14
152,119312849,46.481,12,Hordaland (-2019),12
153,045777390,01.620,01,Østfold (-2019),18
154,854412786,85.529,20,Finnmark - Finnmárku (-2019),10
155,130537616,46.732,12,Hordaland (-2019),12
156,605889926,50.204,50,Trøndelag - Trööndelage,18
157,908527378,13.200,03,Oslo,30
158,125613750,27.110,07,Vestfold (-2019),10
159,875807392,27.320,07,Vestfold (-2019),7
160,867327554,47.917,50,Trøndelag - Trööndelage,9
161,850193197,10.201,02,Akershus (-2019),15
162,506517090,33.110,09,Aust-Agder (-2019),8
163,567892379,24.101,06,Buskerud (-2019),20
164,943604792,42.110,10,Vest-Agder (-2019),6
165,853543705,35.220,09,Aust-Agder (-2019),16
166,676183766,08.930,02,Akershus (-2019),14
167,541589963,23.130,05,Oppland (-2019),21
168,761685759,46.341,11,Rogaland,6
169,239540165,46.422,11,Rogaland,13
170,802495945,46.630,12,Hordaland (-2019),20
171,093591671,47.529,14,Sogn og Fjordane (-2019),11
172,410943763,70.220,18,Nordland,19
173,050810526,47.241,14,Sogn og Fjordane (-2019),14
174,192663593,72.110,18,Nordland,14
175,708097269,10.810,03,Oslo,12
176,408955506,23.640,06,Buskerud (-2019),8
177,955922915,27.330,07,Vestfold (-2019),16
178,171852532,24.410,06,Buskerud (-2019),6
179,946346065,52.100,50,Trøndelag - Trööndelage,16
180,357569567,16.231,04,Hedmark (-2019),8
181,718086286,24.421,06,Buskerud (-2019),10
182,275140772,43.222,10,Vest-Agder (-2019),11
183,527586917,52.222,50,Trøndelag - Trööndelage,16
184,227248849,47.721,15,Møre og Romsdal,6
185,946574637,22.190,05,Oppland (-2019),5
186,811215395,47.791,15,Møre og Romsdal,9
187,819199277,47.820,15,Møre og Romsdal,8
188,649382760,47.782,15,Møre og Romsdal,16
189,729878231,46.472,12,Hordaland (-2019),9
190,602765875,79.909,19,Troms - Romsa (-2019),14
191,782917270,15.110,04,Hedmark (-2019),8
192,778710565,33.160,09,Aust-Agder (-2019),6
193,942993016,30.111,08,Telemark (-2019),6
194,051267404,26.120,07,Vestfold (-2019),15
195,337945197,26.700,07,Vestfold (-2019),12
196,251828351,47.592,15,Møre og Romsdal,12
197,147223873,16.240,04,Hedmark (-2019),10
198,658509119,22.210,05,Oppland (-2019),12
199,814855700,49.100,50,Trøndelag - Trööndelage,11
200,414345536,45.112,11,Rogaland,13
201,997850331,47.740,15,Møre og Romsdal,12
202,313822855,42.220,10,Vest-Agder (-2019),16
203,243725078,47.990,50,Trøndelag - Trööndelage,14
204,078784859,47.523,14,Sogn og Fjordane (-2019),10
205,354791512,35.210,09,Aust-Agder (-2019),7
206,292011953,47.593,15,Møre og Romsdal,14
207,872739015,47.260,14,Sogn og Fjordane (-2019),5
208,136310127,85.591,20,Finnmark - Finnmárku (-2019),15
209,807106850,77.400,19,Troms - Romsa (-2019),12
210,913285593,10.850,03,Oslo,15
211,771034507,01.440,01,Østfold (-2019),12
212,542560959,46.731,12,Hordaland (-2019),14
213,055569718,20.520,05,Oppland (-2019),8
214,478780045,24.430,06,Buskerud (-2019),10
215,396271528,46.421,11,Rogaland,12
216,494553783,47.919,50,Trøndelag - Trööndelage,15
217,388550026,02.000u,02,Akershus (-2019),8
218,223455626,07.210,02,Akershus (-2019),26
219,554791427,85.522,20,Finnmark - Finnmárku (-2019),13
220,253612615,10.910,03,Oslo,12
221,702363956,46.350,11,Rogaland,10
222,006908384,24.440,06,Buskerud (-2019),11
223,108356038,14.390,04,Hedmark (-2019),16
224,981943433,02.300,01,Østfold (-2019),6
225,437462601,71.111,18,Nordland,4
226,133850257,47.789,15,Møre og Romsdal,9
227,403062310,43.330,10,Vest-Agder (-2019),9
228,471877271,24.330,06,Buskerud (-2019),13
229,808677585,47.810,15,Møre og Romsdal,8
230,992373891,08.111,02,Akershus (-2019),16
231,754928332,85.530,20,Finnmark - Finnmárku (-2019),9
232,247504576,10.310,03,Oslo,4
233,493825061,23.690,06,Buskerud (-2019),6
234,906422461,45.403,11,Rogaland,10
235,015257195,46.610,12,Hordaland (-2019),14
236,270782233,25.210,06,Buskerud (-2019),11
237,483604783,29.310,08,Telemark (-2019),5
238,525603790,47.650,15,Møre og Romsdal,7
239,190439732,47.792,15,Møre og Romsdal,6
240,666345401,28.910,08,Telemark (-2019),6
241,738972298,26.520,07,Vestfold (-2019),10
242,567297934,01.479,01,Østfold (-2019),10
243,217597680,66.220,18,Nordland,6
244,069179718,01.140,01,Østfold (-2019),6
245,480018042,24.450,06,Buskerud (-2019),14
246,293459516,66.290,18,Nordland,10
247,967298100,28.120,07,Vestfold (-2019),11
248,339902665,18.200,05,Oppland (-2019),10
249,852618536,17.220,04,Hedmark (-2019),10
250,265564331,10.830,03,Oslo,15
251,993483210,47.772,15,Møre og Romsdal,10
252,541328660,27.120,07,Vestfold (-2019),10
253,063475844,46.140,11,Rogaland,11
254,536256899,02.200,01,Østfold (-2019),8
255,271538029,45.320,11,Rogaland,4
256,691568371,09.101,02,Akershus (-2019),14
257,221247016,71.129,18,Nordland,9
258,988683092,47.111,14,Sogn og Fjordane (-2019),4
259,639928909,46.720,12,Hordaland (-2019),15
260,704967247,26.800,07,Vestfold (-2019),9
261,243354639,25.920,07,Vestfold (-2019),4
262,882365527,71.123,18,Nordland,7
263,658600633,66.300,18,Nordland,10
264,196218139,13.950,04,Hedmark (-2019),3
265,191234296,85.203,20,Finnmark - Finnmárku (-2019),3
266,447025110,17.240,04,Hedmark (-2019),10
267,709352343,25.110,06,Buskerud (-2019),12
268,511250395,46.499,12,Hordaland (-2019),13
269,845935239,47.410,14,Sogn og Fjordane (-2019),5
270,381640343,28.930,08,Telemark (-2019),12
271,043860872,47.799,15,Møre og Romsdal,8
272,634961000,35.112,09,Aust-Agder (-2019),5
273,547575580,73.110,18,Nordland,10
274,327147583,30.116,08,Telemark (-2019),7
275,157249077,01.500,01,Østfold (-2019),16
276,962828326,33.120,09,Aust-Agder (-2019),11
277,047639943,30.115,08,Telemark (-2019),3
278,366676694,73.200,18,Nordland,9
279,741491293,47.642,15,Møre og Romsdal,5
280,052066711,47.641,15,Møre og Romsdal,4
281,613456267,78.100,19,Troms - Romsa (-2019),5
282,962194075,01.190,01,Østfold (-2019),4
283,715372341,47.916,15,Møre og Romsdal,8
284,996226560,46.441,12,Hordaland (-2019),4
285,193120733,42.910,10,Vest-Agder (-2019),3
286,602037055,46.190,11,Rogaland,8
287,214036741,43.220,10,Vest-Agder (-2019),7
288,186504986,43.210,10,Vest-Agder (-2019),6
289,492565406,84.300,20,Finnmark - Finnmárku (-2019),8
290,701326586,23.410,05,Oppland (-2019),6
291,400062834,10.320,03,Oslo,8
292,020573392,74.902,18,Nordland,5
293,365354298,82.202,20,Finnmark - Finnmárku (-2019),7
294,006532720,50.109,50,Trøndelag - Trööndelage,4
295,121284824,28.150,08,Telemark (-2019),4
296,641993581,01.240,01,Østfold (-2019),4
297,292651628,46.493,12,Hordaland (-2019),5
298,395877930,27.200,07,Vestfold (-2019),9
299,409754524,25.120,06,Buskerud (-2019),8
300,057276266,46.220,11,Rogaland,12
301,039766083,46.180,11,Rogaland,4
302,329356072,45.111,10,Vest-Agder (-2019),5
303,045822801,43.990,10,Vest-Agder (-2019),4
304,307287686,71.200,18,Nordland,8
305,581927084,47.242,14,Sogn og Fjordane (-2019),4
306,789507578,27.310,07,Vestfold (-2019),10
307,998004502,24.320,06,Buskerud (-2019),6
308,537049875,43.310,10,Vest-Agder (-2019),10
309,380172062,45.200,11,Rogaland,5
310,061143964,46.733,14,Sogn og Fjordane (-2019),4
311,242511792,43.223,10,Vest-Agder (-2019),5
312,911561097,46.120,11,Rogaland,8
313,752368606,30.990,08,Telemark (-2019),5
314,287837646,45.402,11,Rogaland,4
315,951314473,13.921,04,Hedmark (-2019),8
316,085345826,17.110,04,Hedmark (-2019),3
317,482738782,46.471,12,Hordaland (-2019),5
318,863179419,46.434,12,Hordaland (-2019),4
319,409070041,20.160,05,Oppland (-2019),5
320,035705556,20.170,05,Oppland (-2019),4
321,717581019,20.300,05,Oppland (-2019),3
322,171196920,17.120,04,Hedmark (-2019),8
323,055207714,46.482,12,Hordaland (-2019),10
324,822472912,46.494,12,Hordaland (-2019),7
325,160223402,01.460,01,Østfold (-2019),7
326,451331182,74.909,19,Troms - Romsa (-2019),7
327,579806947,01.160,01,Østfold (-2019),4
328,041618163,75.000,19,Troms - Romsa (-2019),5
329,203676660,16.220,04,Hedmark (-2019),6
330,489563344,22.230,05,Oppland (-2019),4
331,324742926,22.290,05,Oppland (-2019),6
332,579751506,33.200,09,Aust-Agder (-2019),5
333,861046238,01.410,01,Østfold (-2019),4
334,951653677,81.101,19,Troms - Romsa (-2019),5
335,248638380,81.109,19,Troms - Romsa (-2019),8
336,543449607,46.410,11,Rogaland,9
337,022649902,01.490,01,Østfold (-2019),4
338,574901078,79.901,19,Troms - Romsa (-2019),6
339,034519553,21.100,05,Oppland (-2019),5
340,998007409,21.200,05,Oppland (-2019),7
341,355179654,79.902,19,Troms - Romsa (-2019),5
342,190153715,01.210,01,Østfold (-2019),4
343,925841016,26.400,07,Vestfold (-2019),9
344,792947477,28.300,08,Telemark (-2019),5
345,423508274,69.100,18,Nordland,4
346,382761012,26.300,07,Vestfold (-2019),4
347,685437265,03.211,02,Akershus (-2019),5
348,336250749,47.591,15,Møre og Romsdal,4
349,929542464,25.710,07,Vestfold (-2019),4
350,205194288,66.210,18,Nordland,5
351,400649910,49.500,50,Trøndelag - Trööndelage,8
352,011116001,01.110,01,Østfold (-2019),4
353,949849651,29.100,08,Telemark (-2019),5
354,963058147,50.202,50,Trøndelag - Trööndelage,10
355,556309823,03.111,02,Akershus (-2019),7
356,461107179,49.410,50,Trøndelag - Trööndelage,5
357,537541905,47.300,14,Sogn og Fjordane (-2019),4
358,346200416,28.230,08,Telemark (-2019),5
359,723097985,71.122,18,Nordland,6
360,035960435,10.413,03,Oslo,3
361,856240927,49.320,50,Trøndelag - Trööndelage,4
362,977082927,49.312,50,Trøndelag - Trööndelage,4
363,133213842,80.300,19,Troms - Romsa (-2019),7
364,663137020,49.311,50,Trøndelag - Trööndelage,6
365,155368991,01.420,01,Østfold (-2019),10
366,513271575,80.200,19,Troms - Romsa (-2019),3
367,505178823,23.120,05,Oppland (-2019),5
368,659387578,49.393,50,Trøndelag - Trööndelage,4
369,100742624,47.915,15,Møre og Romsdal,5
370,883181526,49.392,50,Trøndelag - Trööndelage,5
371,724118012,05.100,02,Akershus (-2019),8
372,008200585,38.120,10,Vest-Agder (-2019),3
373,777077077,38.210,10,Vest-Agder (-2019),4
374,639118003,38.310,10,Vest-Agder (-2019),4
375,076149965,41.109,10,Vest-Agder (-2019),5
376,898415710,46.431,12,Hordaland (-2019),6
377,397553414,37.000,09,Aust-Agder (-2019),5
378,588416462,79.903,19,Troms - Romsa (-2019),4
379,204965731,01.270,01,Østfold (-2019),4
380,385107188,23.700,06,Buskerud (-2019),3
381,429567795,24.340,06,Buskerud (-2019),7
382,954703741,46.110,11,Rogaland,4
383,936761374,23.620,06,Buskerud (-2019),3
384,369148449,82.190,19,Troms - Romsa (-2019),4
385,899036805,01.230,01,Østfold (-2019),4
386,713057216,46.310,11,Rogaland,9
387,850198469,20.110,05,Oppland (-2019),5
388,097630953,23.430,06,Buskerud (-2019),3
389,179214109,82.300,20,Finnmark - Finnmárku (-2019),4
390,400595265,29.320,08,Telemark (-2019),4
391,966335972,13.960,04,Hedmark (-2019),4
392,176553597,30.112,08,Telemark (-2019),4
393,999761195,30.114,08,Telemark (-2019),8
394,906480543,47.722,15,Møre og Romsdal,5
395,427346099,16.210,04,Hedmark (-2019),4
396,062131238,70.100,18,Nordland,4
397,533228541,72.200,18,Nordland,3
398,311554993,30.920,08,Telemark (-2019),4
399,256966295,47.522,14,Sogn og Fjordane (-2019),4
400,254981010,25.500,07,Vestfold (-2019),4
401,990023014,47.430,14,Sogn og Fjordane (-2019),4
402,008727971,01.130,01,Østfold (-2019),3
403,461817846,25.400,07,Vestfold (-2019),5
404,364108341,25.910,07,Vestfold (-2019),6
405,913043532,02.100,01,Østfold (-2019),6
406,137729534,46.769,14,Sogn og Fjordane (-2019),4
407,630192304,46.770,14,Sogn og Fjordane (-2019),3
408,555581514,52.221,50,Trøndelag - Trööndelage,8
409,890935019,01.451,01,Østfold (-2019),4
410,666323692,74.300,18,Nordland,4
411,222140713,18.130,04,Hedmark (-2019),5
412,496976133,74.901,18,Nordland,4
413,858601290,46.460,12,Hordaland (-2019),4
414,717945737,18.120,04,Hedmark (-2019),4
415,223382844,47.771,15,Møre og Romsdal,5
416,218583194,10.710,03,Oslo,4
417,939493482,35.130,09,Aust-Agder (-2019),4
418,405975727,03.212,02,Akershus (-2019),3
419,890843093,85.422,20,Finnmark - Finnmárku (-2019),4
420,521957259,10.412,03,Oslo,4
421,150167593,19.100,05,Oppland (-2019),4
422,858703333,28.210,08,Telemark (-2019),2
423,830597886,31.020,09,Aust-Agder (-2019),5
424,395602924,32.110,09,Aust-Agder (-2019),4
425,186442900,32.400,09,Aust-Agder (-2019),3
426,146807066,32.500,09,Aust-Agder (-2019),3
427,828078761,36.000,09,Aust-Agder (-2019),5
428,041394575,28.110,07,Vestfold (-2019),4
429,725224487,82.201,20,Finnmark - Finnmárku (-2019),3
430,917451741,30.910,08,Telemark (-2019),3
431,089704679,28.140,08,Telemark (-2019),4
432,185805236,42.130,10,Vest-Agder (-2019),3
433,734490846,85.594,20,Finnmark - Finnmárku (-2019),3
434,446281180,43.130,10,Vest-Agder (-2019),5
435,347847376,35.114,09,Aust-Agder (-2019),3
436,614134642,35.119,09,Aust-Agder (-2019),5
437,951521581,39.000,10,Vest-Agder (-2019),2
438,377391953,85.100,20,Finnmark - Finnmárku (-2019),5
439,831120664,33.170,09,Aust-Agder (-2019),3
440,442713127,30.113,08,Telemark (-2019),4
441,046318945,28.290,08,Telemark (-2019),3
442,248247746,85.410,20,Finnmark - Finnmárku (-2019),4
443,208321370,47.594,15,Møre og Romsdal,4
444,205740976,68.201,18,Nordland,4
445,836342155,68.209,18,Nordland,5
446,944396927,47.781,15,Møre og Romsdal,5
447,102917561,47.750,15,Møre og Romsdal,3
448,882049972,68.320,18,Nordland,4
449,574112530,47.299,14,Sogn og Fjordane (-2019),4
450,468018274,47.292,14,Sogn og Fjordane (-2019),5
451,207655016,47.291,14,Sogn og Fjordane (-2019),4
452,004655952,47.230,14,Sogn og Fjordane (-2019),4
453,360103702,47.220,14,Sogn og Fjordane (-2019),5
454,399489212,72.190,18,Nordland,4
455,126979283,47.210,14,Sogn og Fjordane (-2019),3
456,673835164,46.740,14,Sogn og Fjordane (-2019),5
457,227809648,47.510,14,Sogn og Fjordane (-2019),3
458,298906833,47.540,14,Sogn og Fjordane (-2019),5
459,353137552,71.113,18,Nordland,4
460,087397128,47.521,14,Sogn og Fjordane (-2019),5
461,507026697,50.201,50,Trøndelag - Trööndelage,5
462,474669761,49.420,50,Trøndelag - Trööndelage,4
463,460559261,50.300,50,Trøndelag - Trööndelage,4
464,161707349,49.391,50,Trøndelag - Trööndelage,3
465,390975768,78.200,19,Troms - Romsa (-2019),3
466,315377926,79.120,19,Troms - Romsa (-2019),4
467,104025353,82.110,19,Troms - Romsa (-2019),4
468,008152124,46.739,14,Sogn og Fjordane (-2019),4
469,800116834,77.110,19,Troms - Romsa (-2019),4
470,836778087,46.450,12,Hordaland (-2019),5
471,698949062,74.903,19,Troms - Romsa (-2019),5
472,273326267,23.630,06,Buskerud (-2019),2
473,491289127,17.210,04,Hedmark (-2019),3
474,426492867,24.102,06,Buskerud (-2019),3
475,841473608,16.290,04,Hedmark (-2019),4
476,869750641,03.112,02,Akershus (-2019),4
477,373136003,25.730,07,Vestfold (-2019),2
478,753383543,22.220,05,Oppland (-2019),4
479,113357214,25.620,07,Vestfold (-2019),4
480,066348097,15.200,04,Hedmark (-2019),3
481,953032197,03.221,02,Akershus (-2019),5
482,603233672,03.222,02,Akershus (-2019),5
483,709315296,20.420,05,Oppland (-2019),4
484,435561784,10.520,03,Oslo,5
485,536018636,02.400,02,Akershus (-2019),4
486,445801733,10.390,03,Oslo,4
487,207932865,19.200,05,Oppland (-2019),5
488,229694211,03.000u,02,Akershus (-2019),4
489,858142508,23.910,06,Buskerud (-2019),5
490,155573136,23.520,06,Buskerud (-2019),4
491,003098277,23.490,06,Buskerud (-2019),3
492,328186122,13.929,04,Hedmark (-2019),3
493,010094706,23.440,06,Buskerud (-2019),4
494,885993383,23.310,05,Oppland (-2019),5
495,482275161,23.320,05,Oppland (-2019),4
496,157381062,26.600,07,Vestfold (-2019),5
497,433819859,23.110,05,Oppland (-2019),4
498,807769070,14.200,04,Hedmark (-2019),3
499,028068218,23.650,06,Buskerud (-2019),5
500,129585715,15.120,04,Hedmark (-2019),3
501,955728181,49.200,50,Trøndelag - Trööndelage,3
502,363731344,47.610,15,Møre og Romsdal,2
503,222213523,47.599,15,Møre og Romsdal,2
504,114175377,47.533,14,Sogn og Fjordane (-2019),2
505,380964402,47.620,15,Møre og Romsdal,1
506,635595325,47.630,15,Møre og Romsdal,4
507,589709878,47.532,14,Sogn og Fjordane (-2019),4
508,828675262,47.420,14,Sogn og Fjordane (-2019),3
509,599432573,47.259,14,Sogn og Fjordane (-2019),1
510,413491378,47.251,14,Sogn og Fjordane (-2019),1
511,136809303,10.510,03,Oslo,2
512,670623543,10.610,03,Oslo,1
513,145036440,10.620,03,Oslo,1
514,011085826,10.209,03,Oslo,1
515,305668300,10.411,03,Oslo,2
516,615574499,47.761,15,Møre og Romsdal,5
517,121526684,78.300,19,Troms - Romsa (-2019),1
518,390092280,80.100,19,Troms - Romsa (-2019),4
519,287216742,01.300,01,Østfold (-2019),2
520,831028939,77.290,19,Troms - Romsa (-2019),1
521,948448648,77.340,19,Troms - Romsa (-2019),1
522,143754595,77.350,19,Troms - Romsa (-2019),2
523,738960681,01.120,01,Østfold (-2019),4
524,115944133,85.421,20,Finnmark - Finnmárku (-2019),1
525,594594627,85.423,20,Finnmark - Finnmárku (-2019),2
526,868656968,85.429,20,Finnmark - Finnmárku (-2019),3
527,486692789,85.510,20,Finnmark - Finnmárku (-2019),2
528,133515479,85.521,20,Finnmark - Finnmárku (-2019),2
529,094846262,01.150,01,Østfold (-2019),3
530,881932088,85.320,20,Finnmark - Finnmárku (-2019),3
531,978668510,85.310,20,Finnmark - Finnmárku (-2019),2
532,362793041,85.592,20,Finnmark - Finnmárku (-2019),3
533,393681429,85.593,20,Finnmark - Finnmárku (-2019),4
534,644327455,84.250,20,Finnmark - Finnmárku (-2019),3
535,440395840,01.260,01,Østfold (-2019),1
536,702249250,01.250,01,Østfold (-2019),3
537,356518350,01.220,01,Østfold (-2019),2
538,762893756,82.910,20,Finnmark - Finnmárku (-2019),1
539,949419282,84.240,20,Finnmark - Finnmárku (-2019),1
540,882045856,81.300,19,Troms - Romsa (-2019),4
541,373836915,03.223,02,Akershus (-2019),4
542,116386153,03.213,02,Akershus (-2019),2
543,372619118,03.120,02,Akershus (-2019),3
544,337211987,01.610,01,Østfold (-2019),4
545,497538346,73.120,18,Nordland,5
546,164079555,68.310,18,Nordland,1
547,020417837,68.100,18,Nordland,1
548,760108396,69.201,18,Nordland,1
549,181902411,69.202,18,Nordland,1
550,625057878,71.112,18,Nordland,3
551,057093922,38.320,10,Vest-Agder (-2019),2
552,325986576,41.101,10,Vest-Agder (-2019),3
553,546375341,42.120,10,Vest-Agder (-2019),4
554,611929015,38.110,10,Vest-Agder (-2019),5
555,806990574,38.220,10,Vest-Agder (-2019),1
556,021047196,42.990,10,Vest-Agder (-2019),3
557,596693632,43.110,10,Vest-Agder (-2019),4
558,554156617,33.190,09,Aust-Agder (-2019),3
559,943668120,35.111,09,Aust-Agder (-2019),2
560,664558354,35.300,09,Aust-Agder (-2019),3
561,861976845,43.919,10,Vest-Agder (-2019),4
562,435200150,45.310,11,Rogaland,1
563,463372460,43.221,10,Vest-Agder (-2019),4
564,487159286,43.320,10,Vest-Agder (-2019),3
565,078448766,28.240,08,Telemark (-2019),2
566,575990732,28.250,08,Telemark (-2019),3
567,129146871,28.410,08,Telemark (-2019),1
568,821516889,28.490,08,Telemark (-2019),2
569,996185946,28.130,08,Telemark (-2019),3
570,499167698,28.229,08,Telemark (-2019),2
571,726368828,28.960,08,Telemark (-2019),4
572,409856898,25.990,07,Vestfold (-2019),3
573,233771257,31.010,09,Aust-Agder (-2019),1
574,257588869,31.030,09,Aust-Agder (-2019),1
575,276963073,25.290,07,Vestfold (-2019),2
576,977091456,25.300,07,Vestfold (-2019),3
577,450148759,32.120,09,Aust-Agder (-2019),1
578,220225152,33.130,09,Aust-Agder (-2019),1
579,310135718,33.140,09,Aust-Agder (-2019),1
580,846065835,33.150,09,Aust-Agder (-2019),2
581,918277686,32.130,09,Aust-Agder (-2019),1
582,150335715,32.910,09,Aust-Agder (-2019),2
583,849577687,32.300,09,Aust-Agder (-2019),2
584,459201926,32.990,09,Aust-Agder (-2019),4
585,451254218,25.930,07,Vestfold (-2019),4
586,116668669,25.940,07,Vestfold (-2019),2
587,791811575,29.200,08,Telemark (-2019),4
588,471153681,25.610,07,Vestfold (-2019),1
589,099913220,25.720,07,Vestfold (-2019),1
590,051941349,16.232,04,Hedmark (-2019),1
591,126481874,47.112,14,Sogn og Fjordane (-2019),1
592,989544258,46.900,14,Sogn og Fjordane (-2019),1
593,300441396,46.761,14,Sogn og Fjordane (-2019),2
594,629538030,46.750,14,Sogn og Fjordane (-2019),3
595,667033690,13.940,04,Hedmark (-2019),3
596,082317958,13.990,04,Hedmark (-2019),2
597,408618953,14.110,04,Hedmark (-2019),1
598,437015463,14.120,04,Hedmark (-2019),4
599,884374251,14.130,04,Hedmark (-2019),3
600,591753203,14.190,04,Hedmark (-2019),1
601,164544795,23.510,06,Buskerud (-2019),1
602,494484604,23.610,06,Buskerud (-2019),3
603,905566943,23.420,06,Buskerud (-2019),5
604,425969671,20.410,05,Oppland (-2019),4
605,837384944,20.200,05,Oppland (-2019),1
606,197524866,46.435,12,Hordaland (-2019),3
607,721623935,46.442,12,Hordaland (-2019),1
608,876816498,20.150,05,Oppland (-2019),2
609,387299589,20.140,05,Oppland (-2019),1
610,351522227,20.530,05,Oppland (-2019),3
611,155021271,11.070,03,Oslo,59
612,114875448,10.920,03,Oslo,53
613,529912577,10.130,02,Akershus (-2019),47
614,881095288,46.693,12,Hordaland (-2019),45
615,054285268,11.060,03,Oslo,90
616,082032541,46.694,12,Hordaland (-2019),46
617,169869660,13.100,03,Oslo,49
618,526160790,46.390,11,Rogaland,54
619,461643212,46.710,12,Hordaland (-2019),60
620,944633511,45.191,11,Rogaland,23
621,141239163,11.010,03,Oslo,62
622,016716150,52.219,50,Trøndelag - Trööndelage,36
623,608831066,52.215,50,Trøndelag - Trööndelage,30
624,360510095,10.110,02,Akershus (-2019),32
625,179199959,11.050,03,Oslo,39
626,541685910,05.200,02,Akershus (-2019),27
627,572693846,45.192,11,Rogaland,31
628,584465809,46.491,12,Hordaland (-2019),37
629,155749703,52.216,50,Trøndelag - Trööndelage,40
630,225330131,50.101,50,Trøndelag - Trööndelage,37
631,002972132,10.120,02,Akershus (-2019),43
632,003209125,12.000,03,Oslo,44
633,362731993,46.381,11,Rogaland,29
634,001073217,47.911,15,Møre og Romsdal,24
635,391375029,74.101,18,Nordland,35
636,119243218,46.495,12,Hordaland (-2019),19
637,235530186,08.910,02,Akershus (-2019),30
638,459364329,09.109,02,Akershus (-2019),31
639,427362198,01.630,01,Østfold (-2019),35
640,391581102,10.840,03,Oslo,21
641,302527402,46.150,11,Rogaland,18
642,536021128,07.290,02,Akershus (-2019),25
643,166877933,24.520,06,Buskerud (-2019),22
644,655062736,10.720,03,Oslo,20
645,765112169,08.920,02,Akershus (-2019),39
646,457497518,46.210,11,Rogaland,18
647,561539595,46.691,12,Hordaland (-2019),18
648,888844328,24.540,06,Buskerud (-2019),34
649,326732534,11.020,03,Oslo,22
650,055436673,74.103,18,Nordland,23
651,648073978,47.914,15,Møre og Romsdal,15
652,182966809,46.432,12,Hordaland (-2019),16
653,226005429,01.000u,01,Østfold (-2019),22
654,473222660,27.400,07,Vestfold (-2019),24
655,876765995,23.990,06,Buskerud (-2019),24
656,024625547,46.360,11,Rogaland,21
657,631271660,47.913,15,Møre og Romsdal,29
658,806329802,11.030,03,Oslo,59
659,414317279,06.100,02,Akershus (-2019),35
660,120332164,81.291,19,Troms - Romsa (-2019),21
661,088518316,51.210,50,Trøndelag - Trööndelage,15
662,712722807,74.200,18,Nordland,23
663,249585009,74.102,18,Nordland,12
664,293763048,43.341,10,Vest-Agder (-2019),21
665,076674835,27.900,07,Vestfold (-2019),16
666,686947020,01.700,01,Østfold (-2019),41
667,744499635,17.230,04,Hedmark (-2019),34
668,062221914,01.280,01,Østfold (-2019),24
669,080934488,46.692,12,Hordaland (-2019),55
670,670632502,27.520,07,Vestfold (-2019),39
671,307175373,46.320,11,Rogaland,30
672,063914943,11.040,03,Oslo,39
673,395920276,47.912,15,Møre og Romsdal,22
674,469886036,23.140,05,Oppland (-2019),22
675,511449856,52.212,50,Trøndelag - Trööndelage,14
676,425118005,18.110,04,Hedmark (-2019),40
677,933814109,43.911,10,Vest-Agder (-2019),27
678,373917294,81.210,19,Troms - Romsa (-2019),32
679,608886116,01.640,01,Østfold (-2019),22
680,646486039,10.860,03,Oslo,28
681,729038715,30.120,08,Telemark (-2019),30
682,960385978,46.433,12,Hordaland (-2019),24
683,731432543,24.530,06,Buskerud (-2019),28
684,899466608,08.113,02,Akershus (-2019),27
685,459792477,13.910,03,Oslo,24
686,750236387,26.110,07,Vestfold (-2019),26
687,737289465,81.220,19,Troms - Romsa (-2019),16
688,540193422,06.200,02,Akershus (-2019),16
689,049272912,23.200,05,Oppland (-2019),36
690,779846451,47.730,15,Møre og Romsdal,26
691,527346846,46.349,11,Rogaland,31
692,419512260,81.299,19,Troms - Romsa (-2019),30
693,007548251,47.762,15,Møre og Romsdal,14
694,886739685,24.310,06,Buskerud (-2019),19
695,627854688,70.210,18,Nordland,18
696,630708792,71.121,18,Nordland,13
697,406644509,27.510,07,Vestfold (-2019),19
698,115694716,50.400,50,Trøndelag - Trööndelage,22
699,685225894,08.990,02,Akershus (-2019),63
700,967272129,46.389,11,Rogaland,36
701,306418639,10.730,03,Oslo,33
702,584930912,20.510,05,Oppland (-2019),26
703,526182365,30.300,08,Telemark (-2019),24
704,633745954,08.112,02,Akershus (-2019),21
705,183807386,26.510,07,Vestfold (-2019),13
706,137553362,52.211,50,Trøndelag - Trööndelage,31
707,480422865,47.524,14,Sogn og Fjordane (-2019),14
708,492825142,43.390,10,Vest-Agder (-2019),21
709,336402123,46.160,11,Rogaland,35
710,558922280,30.400,08,Telemark (-2019),18
711,950638852,42.210,10,Vest-Agder (-2019),13
712,815481520,46.640,12,Hordaland (-2019),14
713,972663194,35.140,09,Aust-Agder (-2019),23
714,282984638,01.430,01,Østfold (-2019),14
715,146091584,10.203,02,Akershus (-2019),10
716,239183479,13.300,03,Oslo,34
717,616508935,46.240,11,Rogaland,18
718,205932587,17.290,04,Hedmark (-2019),24
719,224146399,30.200,08,Telemark (-2019),16
720,558816501,14.310,04,Hedmark (-2019),11
721,394598139,46.660,12,Hordaland (-2019),24
722,423992857,51.100,50,Trøndelag - Trööndelage,16
723,159182522,46.520,12,Hordaland (-2019),20
724,068328568,51.220,50,Trøndelag - Trööndelage,22
725,641620822,50.102,50,Trøndelag - Trööndelage,26
726,680227587,46.130,11,Rogaland,10
727,438815176,08.120,02,Akershus (-2019),23
728,521579687,46.330,11,Rogaland,20
729,281410077,23.190,05,Oppland (-2019),22
730,239959250,46.170,11,Rogaland,11
731,832925850,43.120,10,Vest-Agder (-2019),12
732,777956241,46.492,12,Hordaland (-2019),20
733,761573841,79.110,19,Troms - Romsa (-2019),9
734,141454418,47.531,14,Sogn og Fjordane (-2019),24
735,141786684,24.460,06,Buskerud (-2019),10
736,673992877,20.600,05,Oppland (-2019),11
737,400795411,46.510,12,Hordaland (-2019),20
738,419622423,28.990,08,Telemark (-2019),10
739,399602980,47.890,15,Møre og Romsdal,18
740,433459525,10.202,02,Akershus (-2019),23
741,891574093,07.100,02,Akershus (-2019),18
742,420978418,16.100,04,Hedmark (-2019),10
743,148104640,28.920,08,Telemark (-2019),20
744,436767616,01.290,01,Østfold (-2019),30
745,744221684,01.471,01,Østfold (-2019),14
746,375578090,24.510,06,Buskerud (-2019),28
747,234244888,77.390,19,Troms - Romsa (-2019),10
748,488254836,46.473,12,Hordaland (-2019),12
749,736098561,24.422,06,Buskerud (-2019),13
750,442784192,10.820,03,Oslo,18
751,055553854,46.650,12,Hordaland (-2019),28
752,045168027,46.230,11,Rogaland,17
753,408296107,01.452,01,Østfold (-2019),12
754,920760903,47.710,15,Møre og Romsdal,14
755,720288472,46.481,12,Hordaland (-2019),12
756,640991543,01.620,01,Østfold (-2019),18
757,501678008,85.529,20,Finnmark - Finnmárku (-2019),10
758,486330171,46.732,12,Hordaland (-2019),12
759,873045945,50.204,50,Trøndelag - Trööndelage,18
760,272178134,13.200,03,Oslo,30
761,358407196,27.110,07,Vestfold (-2019),10
762,859358681,27.320,07,Vestfold (-2019),7
763,452164921,47.917,50,Trøndelag - Trööndelage,9
764,757909707,10.201,02,Akershus (-2019),15
765,426860995,33.110,09,Aust-Agder (-2019),8
766,758998224,24.101,06,Buskerud (-2019),20
767,550953226,42.110,10,Vest-Agder (-2019),6
768,629776547,35.220,09,Aust-Agder (-2019),16
769,107596681,08.930,02,Akershus (-2019),14
770,855188149,23.130,05,Oppland (-2019),21
771,137557807,46.341,11,Rogaland,6
772,603231040,46.422,11,Rogaland,13
773,621382655,46.630,12,Hordaland (-2019),20
774,407690095,47.529,14,Sogn og Fjordane (-2019),11
775,253493992,70.220,18,Nordland,19
776,745745041,47.241,14,Sogn og Fjordane (-2019),14
777,475814478,72.110,18,Nordland,14
778,203607730,10.810,03,Oslo,12
779,326132647,23.640,06,Buskerud (-2019),8
780,485275756,27.330,07,Vestfold (-2019),16
781,387278555,24.410,06,Buskerud (-2019),6
782,328462977,52.100,50,Trøndelag - Trööndelage,16
783,395518074,16.231,04,Hedmark (-2019),8
784,918187187,24.421,06,Buskerud (-2019),10
785,496148601,43.222,10,Vest-Agder (-2019),11
786,472481641,52.222,50,Trøndelag - Trööndelage,16
787,220510691,47.721,15,Møre og Romsdal,6
788,779997619,22.190,05,Oppland (-2019),5
789,767066425,47.791,15,Møre og Romsdal,9
790,498601783,47.820,15,Møre og Romsdal,8
791,687104003,47.782,15,Møre og Romsdal,16
792,365683269,46.472,12,Hordaland (-2019),9
793,727590645,79.909,19,Troms - Romsa (-2019),14
794,687016220,15.110,04,Hedmark (-2019),8
795,804043756,33.160,09,Aust-Agder (-2019),6
796,975439145,30.111,08,Telemark (-2019),6
797,792744667,26.120,07,Vestfold (-2019),15
798,901253164,26.700,07,Vestfold (-2019),12
799,603361051,47.592,15,Møre og Romsdal,12
800,602427759,16.240,04,Hedmark (-2019),10
801,544642341,22.210,05,Oppland (-2019),12
802,291288765,49.100,50,Trøndelag - Trööndelage,11
803,788327312,45.112,11,Rogaland,13
804,638791430,47.740,15,Møre og Romsdal,12
805,468330082,42.220,10,Vest-Agder (-2019),16
806,226090457,47.990,50,Trøndelag - Trööndelage,14
807,326641104,47.523,14,Sogn og Fjordane (-2019),10
808,574027528,47.593,15,Møre og Romsdal,14
809,330276280,47.260,14,Sogn og Fjordane (-2019),5
810,137090912,85.591,20,Finnmark - Finnmárku (-2019),15
811,593067694,77.400,19,Troms - Romsa (-2019),12
812,294479780,10.850,03,Oslo,15
813,892196970,01.440,01,Østfold (-2019),12
814,139187166,46.731,12,Hordaland (-2019),14
815,888847894,20.520,05,Oppland (-2019),8
816,160437848,24.430,06,Buskerud (-2019),10
817,346384248,46.421,11,Rogaland,12
818,029389980,47.919,50,Trøndelag - Trööndelage,15
819,851014709,02.000u,02,Akershus (-2019),8
820,700990360,07.210,02,Akershus (-2019),26
821,734352443,85.522,20,Finnmark - Finnmárku (-2019),13
822,669637136,10.910,03,Oslo,12
823,373903747,46.350,11,Rogaland,10
824,423337092,24.440,06,Buskerud (-2019),11
825,173456558,14.390,04,Hedmark (-2019),16
826,912866178,02.300,02,Akershus (-2019),6
827,552284428,71.111,18,Nordland,4
828,754525073,47.789,15,Møre og Romsdal,9
829,758102418,43.330,10,Vest-Agder (-2019),9
830,099455941,24.330,06,Buskerud (-2019),13
831,085367429,47.810,15,Møre og Romsdal,8
832,050232617,08.111,02,Akershus (-2019),16
833,322156389,85.530,20,Finnmark - Finnmárku (-2019),9
834,929158562,10.310,03,Oslo,4
835,732509220,23.690,06,Buskerud (-2019),6
836,577097325,45.403,11,Rogaland,10
837,647030579,46.610,12,Hordaland (-2019),14
838,780571052,25.210,06,Buskerud (-2019),11
839,102718765,29.310,08,Telemark (-2019),5
840,597068869,47.650,15,Møre og Romsdal,7
841,761922179,47.792,15,Møre og Romsdal,6
842,376993217,28.910,08,Telemark (-2019),6
843,008197643,26.520,07,Vestfold (-2019),10
844,256435979,01.479,01,Østfold (-2019),10
845,387536843,66.220,18,Nordland,6
846,845541730,24.450,06,Buskerud (-2019),14
847,222724121,66.290,18,Nordland,10
848,738273441,28.120,07,Vestfold (-2019),11
849,778638465,18.200,05,Oppland (-2019),10
850,145551226,17.220,04,Hedmark (-2019),10
851,480407605,10.830,03,Oslo,15
852,610308562,47.772,15,Møre og Romsdal,10
853,698234106,27.120,07,Vestfold (-2019),10
854,859719217,46.140,11,Rogaland,11
855,587160781,02.200,01,Østfold (-2019),8
856,535513637,45.320,11,Rogaland,4
857,977046194,09.101,02,Akershus (-2019),14
858,071060206,71.129,18,Nordland,9
859,790709055,47.111,14,Sogn og Fjordane (-2019),4
860,229643426,46.720,12,Hordaland (-2019),15
861,091542234,26.800,07,Vestfold (-2019),9
862,377442557,25.920,07,Vestfold (-2019),4
863,776662360,71.123,18,Nordland,7
864,688484713,66.300,18,Nordland,10
865,091646932,13.950,04,Hedmark (-2019),3
866,779127181,85.203,20,Finnmark - Finnmárku (-2019),3
867,491828813,17.240,04,Hedmark (-2019),10
868,769118623,25.110,06,Buskerud (-2019),12
869,350038038,46.499,12,Hordaland (-2019),13
870,505486720,47.410,14,Sogn og Fjordane (-2019),5
871,322591998,28.930,08,Telemark (-2019),12
872,365750811,47.799,15,Møre og Romsdal,8
873,302118946,35.112,09,Aust-Agder (-2019),5
874,241082463,73.110,18,Nordland,10
875,261349420,30.116,08,Telemark (-2019),7
876,025797167,01.500,01,Østfold (-2019),16
877,875716282,33.120,09,Aust-Agder (-2019),11
878,255825826,30.115,08,Telemark (-2019),3
879,675048021,73.200,18,Nordland,9
880,689974947,47.642,15,Møre og Romsdal,5
881,217158046,47.641,15,Møre og Romsdal,4
882,096982221,78.100,19,Troms - Romsa (-2019),5
883,976565390,01.190,01,Østfold (-2019),4
884,052031227,47.916,15,Møre og Romsdal,8
885,716493563,46.441,12,Hordaland (-2019),4
886,862471948,42.910,10,Vest-Agder (-2019),3
887,413529010,46.190,11,Rogaland,8
888,312461769,43.220,10,Vest-Agder (-2019),7
889,915617197,43.210,10,Vest-Agder (-2019),6
890,689467212,84.300,20,Finnmark - Finnmárku (-2019),8
891,110995016,23.410,05,Oppland (-2019),6
892,526698012,10.320,03,Oslo,8
893,174705264,74.902,18,Nordland,5
894,264477719,82.202,20,Finnmark - Finnmárku (-2019),7
895,944568310,50.109,50,Trøndelag - Trööndelage,4
896,096310253,28.150,08,Telemark (-2019),4
897,185786417,18.140,04,Hedmark (-2019),7
898,786780778,01.240,01,Østfold (-2019),4
899,756929807,46.493,12,Hordaland (-2019),5
900,177028994,27.200,07,Vestfold (-2019),9
901,511718879,25.120,06,Buskerud (-2019),8
902,294752178,46.220,11,Rogaland,12
903,172214316,46.180,11,Rogaland,4
904,607817017,45.111,10,Vest-Agder (-2019),5
905,043132336,43.990,10,Vest-Agder (-2019),4
906,190444363,71.200,18,Nordland,8
907,308788064,47.242,14,Sogn og Fjordane (-2019),4
908,907748735,27.310,07,Vestfold (-2019),10
909,678567797,24.320,06,Buskerud (-2019),6
910,113240215,43.310,10,Vest-Agder (-2019),10
911,306940557,45.200,11,Rogaland,5
912,986969477,46.733,14,Sogn og Fjordane (-2019),4
913,844954627,43.223,10,Vest-Agder (-2019),5
914,730500185,46.120,11,Rogaland,8
915,304612233,45.402,11,Rogaland,4
916,359908880,13.921,04,Hedmark (-2019),8
917,556969324,17.110,04,Hedmark (-2019),3
918,841153686,46.471,12,Hordaland (-2019),5
919,364595373,46.434,12,Hordaland (-2019),4
920,908609885,20.170,05,Oppland (-2019),4
921,607185096,20.300,05,Oppland (-2019),3
922,142642755,17.120,04,Hedmark (-2019),8
923,956982603,46.482,12,Hordaland (-2019),10
924,337254652,46.494,12,Hordaland (-2019),7
925,748313032,01.460,01,Østfold (-2019),7
926,537919701,74.909,19,Troms - Romsa (-2019),7
927,176422014,01.160,01,Østfold (-2019),4
928,818212165,75.000,19,Troms - Romsa (-2019),5
929,184133270,16.220,04,Hedmark (-2019),6
930,908787165,22.230,05,Oppland (-2019),4
931,104758317,22.290,05,Oppland (-2019),6
932,077027127,33.200,09,Aust-Agder (-2019),5
933,744134535,01.410,01,Østfold (-2019),4
934,087313742,81.101,19,Troms - Romsa (-2019),5
935,709472340,81.109,19,Troms - Romsa (-2019),8
936,761084173,13.930,04,Hedmark (-2019),4
937,395670159,46.410,11,Rogaland,9
938,636714375,01.490,01,Østfold (-2019),4
939,620489033,79.901,19,Troms - Romsa (-2019),6
940,412829335,21.100,05,Oppland (-2019),5
941,866928707,21.200,05,Oppland (-2019),7
942,840314327,01.210,01,Østfold (-2019),4
943,460786951,26.400,07,Vestfold (-2019),9
944,284081539,26.300,07,Vestfold (-2019),4
945,608975925,03.211,02,Akershus (-2019),5
946,300589761,47.591,15,Møre og Romsdal,4
947,268054184,25.710,07,Vestfold (-2019),4
948,688410717,49.500,50,Trøndelag - Trööndelage,8
949,927815279,01.110,01,Østfold (-2019),4
950,260553869,29.100,08,Telemark (-2019),5
951,248953508,50.202,50,Trøndelag - Trööndelage,10
952,446287017,03.111,02,Akershus (-2019),7
953,376493089,49.410,50,Trøndelag - Trööndelage,5
954,546577438,47.300,14,Sogn og Fjordane (-2019),4
955,788218866,28.230,08,Telemark (-2019),5
956,976512793,71.122,18,Nordland,6
957,929480862,10.413,03,Oslo,3
958,471222536,20.130,05,Oppland (-2019),4
959,825209214,80.300,19,Troms - Romsa (-2019),7
960,399697644,49.311,50,Trøndelag - Trööndelage,6
961,206453219,01.420,01,Østfold (-2019),10
962,462720139,49.393,50,Trøndelag - Trööndelage,4
963,629992796,47.915,15,Møre og Romsdal,5
964,121186292,49.392,50,Trøndelag - Trööndelage,5
965,356990747,05.100,02,Akershus (-2019),8
966,133117546,38.120,10,Vest-Agder (-2019),3
967,966438832,38.210,10,Vest-Agder (-2019),4
968,409849578,38.310,10,Vest-Agder (-2019),4
969,343011918,41.109,10,Vest-Agder (-2019),5
970,802778759,46.431,12,Hordaland (-2019),6
971,756342949,79.903,19,Troms - Romsa (-2019),4
972,879312520,01.270,01,Østfold (-2019),4
973,328892808,23.700,06,Buskerud (-2019),3
974,154871632,24.340,06,Buskerud (-2019),7
975,755410475,46.110,11,Rogaland,4
976,816864917,23.620,06,Buskerud (-2019),3
977,642682279,82.190,19,Troms - Romsa (-2019),4
978,121218727,01.230,01,Østfold (-2019),4
979,208567605,46.310,11,Rogaland,9
980,232844500,23.430,06,Buskerud (-2019),3
981,479267298,82.300,20,Finnmark - Finnmárku (-2019),4
982,766125928,29.320,08,Telemark (-2019),4
983,807059888,30.112,08,Telemark (-2019),4
984,971746881,30.114,08,Telemark (-2019),8
985,293500413,47.722,15,Møre og Romsdal,5
986,702164148,16.210,04,Hedmark (-2019),4
987,018911044,70.100,18,Nordland,4
988,928465864,30.920,08,Telemark (-2019),4
989,395047019,25.500,07,Vestfold (-2019),4
990,473112413,01.130,01,Østfold (-2019),3
991,569996178,25.400,07,Vestfold (-2019),5
992,314367103,25.910,07,Vestfold (-2019),6
993,002102749,02.100,01,Østfold (-2019),6
994,428668242,52.221,50,Trøndelag - Trööndelage,8
995,672617740,01.451,01,Østfold (-2019),4
996,839339033,74.300,18,Nordland,4
997,660336887,18.130,04,Hedmark (-2019),5
998,333880263,74.901,18,Nordland,4
999,177743534,46.460,12,Hordaland (-2019),4
1000,643681660,18.120,04,Hedmark (-2019),4
1001,342428729,47.771,15,Møre og Romsdal,5
1002,085561560,10.710,03,Oslo,4
1003,125479936,35.130,09,Aust-Agder (-2019),4
1004,402830543,03.212,02,Akershus (-2019),3
1005,067690302,85.422,20,Finnmark - Finnmárku (-2019),4
1006,979650646,10.412,03,Oslo,4
1007,916085006,28.110,07,Vestfold (-2019),4
1008,937212842,30.910,08,Telemark (-2019),3
1009,832473636,42.130,10,Vest-Agder (-2019),3
1010,799183158,43.130,10,Vest-Agder (-2019),5
1011,073369881,35.119,09,Aust-Agder (-2019),5
1012,996481702,33.170,09,Aust-Agder (-2019),3
1013,888322745,28.290,08,Telemark (-2019),3
1014,316336661,47.594,15,Møre og Romsdal,4
1015,947338152,47.750,15,Møre og Romsdal,3
1016,839829199,68.320,18,Nordland,4
1017,440466787,47.230,14,Sogn og Fjordane (-2019),4
1018,990604006,72.190,18,Nordland,4
1019,318288258,46.740,14,Sogn og Fjordane (-2019),5
1020,194615440,47.510,14,Sogn og Fjordane (-2019),3
1021,517859910,50.300,50,Trøndelag - Trööndelage,4
1022,981132417,79.120,19,Troms - Romsa (-2019),4
1023,468347139,82.110,19,Troms - Romsa (-2019),4
1024,822983432,46.739,14,Sogn og Fjordane (-2019),4
1025,044574001,17.210,04,Hedmark (-2019),3
1026,259476748,24.102,06,Buskerud (-2019),3
1027,844351487,16.290,04,Hedmark (-2019),4
1028,967737700,03.112,02,Akershus (-2019),4
1029,217338282,24.200,06,Buskerud (-2019),4
1030,439661607,22.220,05,Oppland (-2019),4
1031,625282343,22.110,05,Oppland (-2019),3
1032,138049867,15.200,04,Hedmark (-2019),3
1033,092624081,20.420,05,Oppland (-2019),4
1034,083947872,02.400,02,Akershus (-2019),4
1035,665556032,10.390,03,Oslo,4
1036,988303280,23.910,06,Buskerud (-2019),5
1037,898257636,23.520,06,Buskerud (-2019),4
1038,307399090,23.440,06,Buskerud (-2019),4
1039,319813986,23.310,05,Oppland (-2019),5
1040,676623942,23.320,05,Oppland (-2019),4
1041,437201661,23.110,05,Oppland (-2019),4
1042,426783533,23.650,06,Buskerud (-2019),5
1043,760486965,80.100,19,Troms - Romsa (-2019),4
1044,852959574,81.300,19,Troms - Romsa (-2019),4
1045,472525433,01.610,01,Østfold (-2019),4
1046,021511681,43.919,10,Vest-Agder (-2019),4
1047,229661157,28.960,08,Telemark (-2019),4
1048,079087836,25.990,07,Vestfold (-2019),3
1049,084204090,11.070,03,Oslo,59
1050,281514250,10.920,03,Oslo,53
1051,538488533,46.693,12,Hordaland (-2019),45
1052,843163502,09.900,02,Akershus (-2019),87
1053,307752350,11.060,03,Oslo,90
1054,515864586,46.370,11,Rogaland,42
1055,920293338,46.694,12,Hordaland (-2019),46
1056,975342259,13.100,03,Oslo,49
1057,861306432,46.390,11,Rogaland,54
1058,593776355,46.710,12,Hordaland (-2019),60
1059,298221487,45.191,11,Rogaland,23
1060,334881346,11.010,03,Oslo,62
1061,822858399,52.214,50,Trøndelag - Trööndelage,61
1062,466518035,52.219,50,Trøndelag - Trööndelage,36
1063,974937974,52.215,50,Trøndelag - Trööndelage,30
1064,583741489,10.110,02,Akershus (-2019),32
1065,246599835,11.050,03,Oslo,39
1066,516148558,05.200,02,Akershus (-2019),27
1067,753202573,45.192,11,Rogaland,31
1068,784390960,46.491,12,Hordaland (-2019),37
1069,071219359,52.216,50,Trøndelag - Trööndelage,40
1070,114262741,50.101,50,Trøndelag - Trööndelage,37
1071,888290727,10.120,02,Akershus (-2019),43
1072,972623425,12.000,03,Oslo,44
1073,055698356,46.381,11,Rogaland,29
1074,366063586,47.911,15,Møre og Romsdal,24
1075,014114264,74.101,18,Nordland,35
1076,131358266,46.495,12,Hordaland (-2019),19
1077,906020723,08.910,02,Akershus (-2019),30
1078,363544965,09.109,02,Akershus (-2019),31
1079,432282969,01.630,01,Østfold (-2019),35
1080,839358724,10.840,03,Oslo,21
1081,744046400,46.150,11,Rogaland,18
1082,975871686,07.290,02,Akershus (-2019),25
1083,729762149,24.520,06,Buskerud (-2019),22
1084,815253168,10.720,03,Oslo,20
1085,717747160,08.920,02,Akershus (-2019),39
1086,444654666,46.210,11,Rogaland,18
1087,123945607,46.691,12,Hordaland (-2019),18
1088,865911204,24.540,06,Buskerud (-2019),34
1089,986975050,11.020,03,Oslo,22
1090,894569450,74.103,18,Nordland,23
1091,459904076,47.914,15,Møre og Romsdal,15
1092,113433702,46.432,12,Hordaland (-2019),16
1093,715514274,01.000u,01,Østfold (-2019),22
1094,919471267,50.203,50,Trøndelag - Trööndelage,18
1095,621101835,27.400,07,Vestfold (-2019),24
1096,915522821,46.620,12,Hordaland (-2019),24
1097,339156086,23.990,06,Buskerud (-2019),24
1098,899657345,46.360,11,Rogaland,21
1099,801127357,47.913,15,Møre og Romsdal,29
1100,499890405,11.030,03,Oslo,59
1101,418903162,06.100,02,Akershus (-2019),35
1102,958992622,81.291,19,Troms - Romsa (-2019),21
1103,706734220,51.210,50,Trøndelag - Trööndelage,15
1104,156404021,74.200,18,Nordland,23
1105,962214437,74.102,18,Nordland,12
1106,999083400,43.341,10,Vest-Agder (-2019),21
1107,438579667,27.900,07,Vestfold (-2019),16
1108,224422738,11.070,03,Oslo,1
1109,719241152,47.799,15,Møre og Romsdal,1
1110,300887488,38.110,10,Vest-Agder (-2019),1
1111,547865845,46.693,12,Hordaland (-2019),1
1112,599093069,46.421,11,Rogaland,1
1113,194086391,23.650,06,Buskerud (-2019),1
1114,689019736,46.370,11,Rogaland,1
1115,280357795,11.060,03,Oslo,1
1116,080377099,01.630,01,Østfold (-2019),1
1117,348656281,46.390,11,Rogaland,1
1118,150355833,47.911,15,Møre og Romsdal,1
1119,840631607,74.101,18,Nordland,1
1120,809458595,11.010,03,Oslo,1
1121,586234043,25.400,07,Vestfold (-2019),1
1122,144726833,46.170,11,Rogaland,1
1123,070792439,52.219,50,Trøndelag - Trööndelage,1
1124,655034709,47.251,14,Sogn og Fjordane (-2019),1
1125,307538060,50.400,50,Trøndelag - Trööndelage,1
1126,639780630,11.070,03,Oslo,1
1127,550380045,52.215,50,Trøndelag - Trööndelage,1
1128,484570784,30.115,08,Telemark (-2019),1
1129,324268027,05.200,02,Akershus (-2019),1
1130,283377331,01.230,01,Østfold (-2019),1
1131,641090485,46.450,12,Hordaland (-2019),1
1132,775092576,46.491,12,Hordaland (-2019),1
1133,713349170,47.810,15,Møre og Romsdal,1
1134,174807504,30.400,08,Telemark (-2019),1
1135,439149237,10.120,02,Akershus (-2019),1
1136,740457331,71.123,18,Nordland,1
1137,879433074,01.130,01,Østfold (-2019),1
1138,228229735,11.010,03,Oslo,1
1139,158488386,72.190,18,Nordland,1
1140,104207644,25.120,06,Buskerud (-2019),1
1141,047067624,47.911,15,Møre og Romsdal,1
1142,593178109,24.320,06,Buskerud (-2019),1
1143,077366322,46.240,11,Rogaland,1
1144,369245885,74.101,18,Nordland,1
1145,832830670,85.521,20,Finnmark - Finnmárku (-2019),1
1146,437774356,20.200,05,Oppland (-2019),1
1147,808343651,01.630,01,Østfold (-2019),1
1148,544616403,79.903,19,Troms - Romsa (-2019),1
1149,337541596,01.150,01,Østfold (-2019),1
1150,361317427,07.290,02,Akershus (-2019),1
1151,712581460,68.209,18,Nordland,1
1152,035936018,47.259,14,Sogn og Fjordane (-2019),1
1153,389578738,08.920,02,Akershus (-2019),1
1154,770117046,10.411,03,Oslo,1
1155,539275858,47.522,14,Sogn og Fjordane (-2019),1
1156,297012328,46.691,12,Hordaland (-2019),1
1157,221062550,49.312,50,Trøndelag - Trööndelage,1
1158,370464152,77.390,19,Troms - Romsa (-2019),1
1159,984540228,46.432,12,Hordaland (-2019),1
1160,950718609,08.910,02,Akershus (-2019),1
1161,477312448,01.452,01,Østfold (-2019),1
1162,077086022,11.050,03,Oslo,1
1163,278741825,47.912,15,Møre og Romsdal,1
1164,905952132,46.442,12,Hordaland (-2019),1
1165,910873974,45.192,11,Rogaland,1
1166,677989469,24.540,06,Buskerud (-2019),1
1167,478856304,01.640,01,Østfold (-2019),1
1168,516446040,47.913,15,Møre og Romsdal,1
1169,313521600,45.320,11,Rogaland,1
1170,344629091,17.240,04,Hedmark (-2019),1
1171,087145969,11.030,03,Oslo,1
1172,873843946,07.290,02,Akershus (-2019),1
1173,430377770,03.000u,02,Akershus (-2019),1
1174,812391692,06.100,02,Akershus (-2019),1
1175,310437879,28.410,08,Telemark (-2019),1
1176,515405019,85.422,20,Finnmark - Finnmárku (-2019),1
1177,027675641,24.540,06,Buskerud (-2019),1
1178,525485652,25.710,07,Vestfold (-2019),1
1179,150220505,43.221,10,Vest-Agder (-2019),1
1180,365495552,46.693,12,Hordaland (-2019),1
1181,516179006,20.140,05,Oppland (-2019),1
1182,824426285,42.220,10,Vest-Agder (-2019),1
1183,301762170,17.230,04,Hedmark (-2019),1
1184,600212368,20.120,05,Oppland (-2019),1
1185,778025771,71.113,18,Nordland,1
1186,892001549,46.692,12,Hordaland (-2019),1
1187,471910868,01.630,01,Østfold (-2019),1
1188,722476860,23.200,05,Oppland (-2019),1
1189,024237544,46.491,12,Hordaland (-2019),1
1190,086321035,28.950,08,Telemark (-2019),1
1191,789519811,27.330,07,Vestfold (-2019),1
1192,795189190,46.320,11,Rogaland,1
1193,399740545,17.230,04,Hedmark (-2019),1
1194,874934981,47.112,14,Sogn og Fjordane (-2019),1
1195,144846093,18.110,04,Hedmark (-2019),1
1196,823120334,26.400,07,Vestfold (-2019),1
1197,450544758,46.330,11,Rogaland,1
1198,057709244,46.692,12,Hordaland (-2019),1
1199,912181039,43.130,10,Vest-Agder (-2019),1
1200,436604677,47.591,15,Møre og Romsdal,1
1201,313314161,10.860,03,Oslo,1
1202,179087858,11.030,03,Oslo,1
